{
"move_a_to_b": [0.00000744, -1.57083954, 1.57082969, -1.57077511, -1.57079918, -0.00003463],
"move_b_to_c": [-0.09791297, -1.46520391,  1.96698607, -2.09072991, -1.57201806,-0.09564404],
"gripper1": [255,125,125],
"move_c_to_d": [-0.09791297, -1.54479092,  1.84935088, -1.87622895, -1.57131993,-0.09651671],
"move_d_to_e": [-0.02373648, -1.53972947,  1.79262767, -1.82421813,-1.57131993,-0.02251475],
"move_e_to_f": [-0.034,-1.45,1.967,-2.089,-1.571,-0.032],
"gripper2":[0,125,125],
"move_f_to_a": [0.00000744, -1.57083954, 1.57082969, -1.57077511, -1.57079918, -0.00003463]
}