{
"move_a_to_b": [1.7234282493591309, -1.1872912806323548, 1.6943696180926722, -2.179253717462057, -1.6281464735614222, -0.3512204329120081],
"move_b_to_c": [1.7234282493591309, -1.1872912806323548, 1.6943696180926722, -2.179253717462057, -1.6281464735614222, -0.3512204329120081],
"gripper1": [255,125,125],
"move_c_to_d": [1.7234282493591309, -1.1872912806323548, 1.6943696180926722, -2.179253717462057, -1.6281464735614222, -0.3512204329120081],
"move_d_to_e": [1.7234282493591309, -1.1872912806323548, 1.6943696180926722, -2.179253717462057, -1.6281464735614222, -0.3512204329120081],
"move_e_to_f": [1.7234282493591309, -1.1872912806323548, 1.6943696180926722, -2.179253717462057, -1.6281464735614222, -0.3512204329120081],
"gripper2":[0,125,125],
"move_f_to_a": [1.7234282493591309, -1.1872912806323548, 1.6943696180926722, -2.179253717462057, -1.6281464735614222, -0.3512204329120081]
}